<?xml version="1.0" encoding="UTF-8"?>
<document type="com.apple.InterfaceBuilder3.CocoaTouch.Storyboard.XIB" version="3.0" toolsVersion="14460.31" targetRuntime="iOS.CocoaTouch" propertyAccessControl="none" useAutolayout="YES" useTraitCollections="YES" useSafeAreas="YES" colorMatched="YES" initialViewController="BYZ-38-t0r">
    <device id="retina4_7" orientation="portrait">
        <adaptation id="fullscreen"/>
    </device>
    <dependencies>
        <deployment identifier="iOS"/>
        <plugIn identifier="com.apple.InterfaceBuilder.IBCocoaTouchPlugin" version="14460.20"/>
        <capability name="Safe area layout guides" minToolsVersion="9.0"/>
        <capability name="documents saved in the Xcode 8 format" minToolsVersion="8.0"/>
    </dependencies>
    <scenes>
        <!--View Controller-->
        <scene sceneID="tne-QT-ifu">
            <objects>
                <viewController id="BYZ-38-t0r" customClass="ViewController" customModule="viewcontroller" customModuleProvider="target" sceneMemberID="viewController">
                    <view key="view" contentMode="scaleToFill" id="8bC-Xf-vdC">
                        <rect key="frame" x="0.0" y="0.0" width="375" height="667"/>
                        <autoresizingMask key="autoresizingMask" widthSizable="YES" heightSizable="YES"/>
                        <subviews>
                            <button opaque="NO" contentMode="scaleToFill" fixedFrame="YES" contentHorizontalAlignment="center" contentVerticalAlignment="center" buttonType="roundedRect" lineBreakMode="middleTruncation" translatesAutoresizingMaskIntoConstraints="NO" id="z0c-ZW-yBj">
                                <rect key="frame" x="144" y="285" width="87" height="96"/>
                                <autoresizingMask key="autoresizingMask" flexibleMaxX="YES" flexibleMaxY="YES"/>
                                <fontDescription key="fontDescription" type="system" pointSize="70"/>
                                <state key="normal" title="Go">
                                    <color key="titleColor" white="1" alpha="1" colorSpace="custom" customColorSpace="genericGamma22GrayColorSpace"/>
                                </state>
                                <connections>
                                    <action selector="action:" destination="BYZ-38-t0r" eventType="touchUpInside" id="aFP-ZE-gZl"/>
                                    <segue destination="SoD-zj-xcC" kind="presentation" identifier="segue" modalTransitionStyle="crossDissolve" id="neN-ec-Krs"/>
                                </connections>
                            </button>
                            <textField opaque="NO" contentMode="scaleToFill" fixedFrame="YES" contentHorizontalAlignment="left" contentVerticalAlignment="center" borderStyle="roundedRect" textAlignment="natural" minimumFontSize="16" translatesAutoresizingMaskIntoConstraints="NO" id="W2z-wW-EKm">
                                <rect key="frame" x="70" y="178" width="234" height="30"/>
                                <autoresizingMask key="autoresizingMask" flexibleMaxX="YES" flexibleMaxY="YES"/>
                                <nil key="textColor"/>
                                <fontDescription key="fontDescription" type="system" pointSize="14"/>
                                <textInputTraits key="textInputTraits"/>
                            </textField>
                        </subviews>
                        <color key="backgroundColor" red="0.32369780539999998" green="0.1063579395" blue="0.574860394" alpha="1" colorSpace="custom" customColorSpace="sRGB"/>
                        <viewLayoutGuide key="safeArea" id="6Tk-OE-BBY"/>
                    </view>
                    <connections>
                        <outlet property="outlet" destination="W2z-wW-EKm" id="hOy-Wy-w96"/>
                    </connections>
                </viewController>
                <placeholder placeholderIdentifier="IBFirstResponder" id="dkx-z0-nzr" sceneMemberID="firstResponder"/>
            </objects>
            <point key="canvasLocation" x="53.600000000000001" y="27.436281859070466"/>
        </scene>
        <!--Page2 View Controller-->
        <scene sceneID="dEw-8X-b90">
            <objects>
                <viewController id="SoD-zj-xcC" customClass="page2ViewController" customModule="viewcontroller" customModuleProvider="target" sceneMemberID="viewController">
                    <view key="view" contentMode="scaleToFill" id="SnW-92-jhQ">
                        <rect key="frame" x="0.0" y="0.0" width="375" height="667"/>
                        <autoresizingMask key="autoresizingMask" widthSizable="YES" heightSizable="YES"/>
                        <subviews>
                            <button opaque="NO" contentMode="scaleToFill" contentHorizontalAlignment="center" contentVerticalAlignment="center" buttonType="roundedRect" lineBreakMode="middleTruncation" translatesAutoresizingMaskIntoConstraints="NO" id="WXN-KL-k5K">
                                <rect key="frame" x="114" y="285.5" width="147" height="96"/>
                                <fontDescription key="fontDescription" type="system" pointSize="70"/>
                                <state key="normal" title="Back">
                                    <color key="titleColor" white="1" alpha="1" colorSpace="custom" customColorSpace="genericGamma22GrayColorSpace"/>
                                </state>
                                <connections>
                                    <segue destination="BYZ-38-t0r" kind="presentation" modalTransitionStyle="crossDissolve" id="DB9-cU-aiP"/>
                                </connections>
                            </button>
                            <label opaque="NO" userInteractionEnabled="NO" contentMode="left" horizontalHuggingPriority="251" verticalHuggingPriority="251" fixedFrame="YES" text="Label" textAlignment="center" lineBreakMode="tailTruncation" baselineAdjustment="alignBaselines" adjustsFontSizeToFit="NO" translatesAutoresizingMaskIntoConstraints="NO" id="yOu-FZ-Ngg">
                                <rect key="frame" x="71" y="156" width="248" height="42"/>
                                <autoresizingMask key="autoresizingMask" flexibleMaxX="YES" flexibleMaxY="YES"/>
                                <fontDescription key="fontDescription" type="system" pointSize="17"/>
                                <nil key="textColor"/>
                                <nil key="highlightedColor"/>
                            </label>
                        </subviews>
                        <color key="backgroundColor" red="0.45138680930000002" green="0.99309605359999997" blue="1" alpha="1" colorSpace="custom" customColorSpace="sRGB"/>
                        <constraints>
                            <constraint firstItem="WXN-KL-k5K" firstAttribute="centerX" secondItem="SnW-92-jhQ" secondAttribute="centerX" id="5Vu-6P-0an"/>
                            <constraint firstItem="WXN-KL-k5K" firstAttribute="centerY" secondItem="SnW-92-jhQ" secondAttribute="centerY" id="BKn-c5-Lj0"/>
                        </constraints>
                        <viewLayoutGuide key="safeArea" id="SM3-6u-lfS"/>
                    </view>
                    <connections>
                        <outlet property="label" destination="yOu-FZ-Ngg" id="Fa1-Qo-h1b"/>
                    </connections>
                </viewController>
                <placeholder placeholderIdentifier="IBFirstResponder" id="uAc-VH-k4b" userLabel="First Responder" sceneMemberID="firstResponder"/>
            </objects>
            <point key="canvasLocation" x="853.60000000000002" y="133.5832083958021"/>
        </scene>
    </scenes>
</document>
